kullanici_id,ad_soyad,yas,cinsiyet,kayit_tarihi,ulke
1,Seracettin Akdeniz,22,Kadın,2025-05-28,Serbia
2,Erik Demir,26,Kadın,2025-03-30,Senegal
3,Dr. Nurmelek Gülçe Sakarya Soylu,33,Erkek,2024-12-29,Uganda
4,Saygın Tevetoğlu İnönü,33,Erkek,2025-05-21,Afghanistan
5,Dr. Hamiyet İslime Akça Sakarya,43,Kadın,2025-06-17,Ghana
6,Ahat Yıldırım,21,Erkek,2025-04-29,Mauritania
7,Kayagün Tarhan,18,Erkek,2025-02-04,Jamaica
8,Rezzak Bilgin,31,Kadın,2025-05-21,Kazakhstan
9,Bayan Nazi Bilgin Tarhan,40,Erkek,2025-02-04,Senegal
10,Dr. Amre Rumeysa Karadeniz Çamurcuoğlu,26,Kadın,2025-04-11,Uzbekistan
11,Cihandide Tekiner Gül Bilge,36,Kadın,2025-02-19,British Indian Ocean Territory (Chagos Archipelago)
12,Tomurcuk İhsanoğlu,28,Kadın,2025-03-15,Macedonia
13,Gökbudun Arslan,18,Kadın,2025-04-17,Turkmenistan
14,Dr. İnsaf Akdeniz Türk,38,Kadın,2025-03-27,Ecuador
15,Ruhide Ülker Akçay,30,Kadın,2025-03-05,Mayotte
16,Birben Sehel Ülker Zorlu,31,Kadın,2025-01-13,Slovakia (Slovak Republic)
17,Dr. Kapagan Soylu,34,Kadın,2025-05-15,Antarctica (the territory South of 60 deg S)
18,Bayan Meveddet Demirel Akdeniz,42,Erkek,2025-04-22,Namibia
19,Gelengül Aksu Zorlu,33,Kadın,2025-02-06,American Samoa
20,Sakip Çamurcuoğlu,29,Kadın,2025-06-09,Mayotte
21,Dr. Oğuzman Hayret Akça,39,Kadın,2025-06-06,Montserrat
22,Sevim Kifaye Ülker Durmuş,42,Erkek,2025-04-21,Saint Lucia
23,Kayrabay Çetin,27,Kadın,2025-06-08,Swaziland
24,Rafih Öcalan,31,Kadın,2025-04-12,Costa Rica
25,Bayan Süleyla Nezize Durdu,23,Erkek,2025-04-10,Cook Islands
26,Dr. Nesfe Ruhide Ergül,21,Erkek,2024-12-24,Martinique
27,Sevican Tevetoğlu,41,Erkek,2024-12-29,Spain
28,Bay Satrettin Sittik Akçay,34,Kadın,2025-06-09,Bermuda
29,Atiyye Karadeniz,27,Erkek,2025-05-03,Barbados
30,Adak Dumanlı,36,Erkek,2024-12-26,Saudi Arabia
31,Hurican Aslan,45,Erkek,2025-01-14,South Georgia and the South Sandwich Islands
32,Dr. Fetullah Erdoğan,36,Kadın,2025-01-25,Cayman Islands
33,Yeşil Akça,33,Kadın,2025-01-25,Palestinian Territory
34,Mefharet Ertaş,41,Erkek,2025-05-09,Gibraltar
35,Dr. Dilsitan Yıldırım Hançer,31,Kadın,2025-03-09,Guam
36,Bayan Işin Değer Eraslan,29,Erkek,2025-06-16,Saint Lucia
37,Tali Şafak,20,Erkek,2025-05-31,Angola
38,Bay Koray Bican Türk,39,Kadın,2025-05-12,Central African Republic
39,Dr. Zinnure Gürten Şener Sezgin,42,Kadın,2025-05-07,Malaysia
40,Bayan Yazgül Asu Gülen Tarhan,34,Erkek,2025-04-14,Spain
41,Saire Yorulmaz,29,Erkek,2025-05-16,French Southern Territories
42,Dolun Akgündüz,41,Kadın,2025-01-02,Gambia
43,Arısoy Hançer,33,Kadın,2025-06-20,Wallis and Futuna
44,Ferinaz Rumeysa Durdu,27,Erkek,2025-02-11,Bulgaria
45,Seha Akgündüz,38,Kadın,2025-06-07,Argentina
46,Serda Ertaş,23,Kadın,2025-01-26,Sweden
47,Karlukhan Denizalp Ergül,18,Kadın,2025-01-12,Costa Rica
48,Bayan Tasvir Cuheyna Akça,35,Kadın,2025-05-02,Iceland
49,Tuğçe Ticen Yıldırım,30,Erkek,2025-02-25,New Caledonia
50,Lezize Yıldırım Aksu,45,Erkek,2025-02-01,Togo
51,Özbilge Çetin,32,Erkek,2025-01-19,Guadeloupe
52,Bayan Kefser Cannur Karadeniz,39,Kadın,2025-03-07,Venezuela
53,Zaliha Süzer Öcalan Duran,30,Kadın,2025-02-07,Bahrain
54,Atgun Bektaşi Aksu,34,Kadın,2025-01-25,United States Minor Outlying Islands
55,Ertün İnönü,31,Kadın,2025-02-26,Nepal
56,Nilcan Şama,33,Erkek,2025-02-28,Brazil
57,Hasret Şehreban Öcalan,36,Kadın,2025-05-11,Tuvalu
58,Bayan İde Durmuş Öcalan,34,Erkek,2025-01-13,Gibraltar
59,Köker Artan Kısakürek,33,Erkek,2025-06-10,Solomon Islands
60,İmren Yaman,31,Erkek,2025-02-28,Brazil
61,Berrin Durdu Durmuş,18,Erkek,2025-02-05,Monaco
62,Ertuncay Arsoy,32,Kadın,2025-06-14,French Polynesia
63,Müfit Eyyüp Sakarya Çetin,43,Kadın,2025-01-01,Sweden
64,Akyıldız Şilan Ülker,38,Kadın,2024-12-26,Bermuda
65,Bayan Aygönenç Gülenay Yüksel,35,Kadın,2025-05-25,Myanmar
66,Bayan Divan Serfinaz Aksu,45,Kadın,2025-05-05,Dominican Republic
67,Bay Mertel Çamurcuoğlu,43,Erkek,2025-03-07,Sri Lanka
68,Zümre Hürmet Demirel,19,Kadın,2025-03-26,Germany
69,Dincer Tunahan Hayrioğlu Türk,20,Kadın,2024-12-29,Algeria
70,Şahdiye Muhiye Dumanlı,32,Kadın,2025-03-09,Germany
71,Ballı Erdoğan Çamurcuoğlu,42,Erkek,2025-02-23,Nepal
72,Bayan Hurşide Günebakan Çetin Mansız,25,Erkek,2025-05-24,Uganda
73,Dr. Işın Akçay Duran,21,Kadın,2025-02-02,Gambia
74,Erdibay Arsoy,29,Erkek,2025-01-08,Svalbard & Jan Mayen Islands
75,Bitül İnönü,20,Kadın,2025-03-20,Bermuda
76,Halenur Kısakürek,23,Erkek,2025-02-21,Armenia
77,Güldünya Hayrioğlu,34,Kadın,2025-05-26,Tanzania
78,Hilayda Müğber Sakarya,39,Erkek,2025-04-08,New Caledonia
79,Ercihan Bilgin,38,Erkek,2024-12-27,Sri Lanka
80,Dr. Artan Ertün Durmuş,32,Erkek,2025-06-10,Barbados
81,Ahat Şener,33,Erkek,2024-12-25,French Guiana
82,Tayyibe Simten Bilge Akdeniz,21,Kadın,2025-01-22,Bolivia
83,Berrin Zorlu,27,Erkek,2025-05-02,China
84,Bay Berran Alemdar,28,Erkek,2025-06-10,Ghana
85,Deniz Vacibe Karadeniz,43,Kadın,2025-06-20,Netherlands Antilles
86,Egenur Gülsü Manço,26,Kadın,2025-04-08,United States Minor Outlying Islands
87,Özalpsan Gülel Alemdar,26,Kadın,2025-06-17,Niger
88,Cavit Hançer,37,Erkek,2025-03-18,Martinique
89,Bay Yazganalp Bilge,44,Kadın,2025-05-02,Egypt
90,Banü Tarhan,25,Kadın,2025-03-20,Sri Lanka
91,Dr. Zevlüde Sehel Akdeniz,30,Kadın,2025-04-07,Korea
92,Kopan Karadeniz,19,Kadın,2025-02-27,Chile
93,Sırriye Yıldırım,32,Erkek,2025-05-26,Oman
94,Bayan Balca Neptün Zengin,35,Kadın,2025-01-19,Namibia
95,Berkal Eraslan,38,Erkek,2025-06-02,Falkland Islands (Malvinas)
96,Özdeş Gülen Akçay,25,Kadın,2025-04-21,Benin
97,Dr. Abdülahat Cantez Fırat,30,Erkek,2025-02-23,Macao
98,Bayan Hayel Mihriye Soylu Tarhan,39,Erkek,2025-03-26,Zimbabwe
99,Dr. Haluk Seda Mansız,19,Erkek,2025-06-18,Saint Lucia
100,Gürcüye Yorulmaz,22,Kadın,2025-06-20,Barbados
